Year,Sort Order,Country,Total_Immigration
1990,1990024,Burundi,333110
1990,1990025,Comoros,14079
1990,1990026,Djibouti,122221
1990,1990027,Eritrea,11848
1990,1990028,Ethiopia,1155390
1990,1990029,Kenya,298089
1990,1990030,Madagascar,23917
1990,1990031,Malawi,1127724
1990,1990032,Mauritius,3613
1990,1990033,Mayotte,15229
1990,1990034,Mozambique,122332
1990,1990035,Réunion,57210
1990,1990036,Rwanda,160024
1990,1990037,Seychelles,3721
1990,1990038,Somalia,478294
1990,1990040,Uganda,544273
1990,1990041,Tanzania,574025
1990,1990042,Zambia,279463
1990,1990043,Zimbabwe,634621
1990,1990045,Angola,33517
1990,1990046,Cameroon,265967
1990,1990047,Central African Republic,67234
1990,1990048,Chad,74342
1990,1990049,"Congo, Rep.",129391
1990,1990050,"Congo, Dem. Rep.",754194
1990,1990051,Equatorial Guinea,2740
1990,1990052,Gabon,128188
1990,1990053,Sao Tome and Principe,5582
1990,1990055,Botswana,27510
1990,1990056,Eswatini,74991
1990,1990057,Lesotho,8240
1990,1990058,Namibia,120641
1990,1990059,South Africa,1163883
1990,1990061,Benin,76751
1990,1990062,Burkina Faso,349652
1990,1990063,Cabo Verde,8931
1990,1990064,Côte d'Ivoire,1816426
1990,1990065,Gambia,118123
1990,1990066,Ghana,164851
1990,1990067,Guinea,403621
1990,1990068,Guinea-Bissau,15368
1990,1990069,Liberia,94964
1990,1990070,Mali,160736
1990,1990071,Mauritania,111650
1990,1990072,Niger,115464
1990,1990073,Nigeria,456621
1990,1990074,Saint Helena,178
1990,1990075,Senegal,270410
1990,1990076,Sierra Leone,222148
1990,1990077,Togo,84844
1990,1990080,Algeria,273954
1990,1990081,"Egypt, Arab Rep.",173833
1990,1990082,Libya,457075
1990,1990083,Morocco,54895
1990,1990084,Sudan,1402896
1990,1990085,Tunisia,37984
1990,1990086,Western Sahara,2688
1990,1990088,Armenia,658789
1990,1990089,Azerbaijan,360600
1990,1990090,Bahrain,173212
1990,1990091,Cyprus,43805
1990,1990092,Georgia,304470
1990,1990093,Iraq,83638
1990,1990094,Israel,1632704
1990,1990095,Jordan,1146349
1990,1990096,Kuwait,1074391
1990,1990097,Lebanon,523693
1990,1990098,Oman,304000
1990,1990099,Qatar,309753
1990,1990100,Saudi Arabia,4998445
1990,1990101,State of Palestine,288332
1990,1990102,Syrian Arab Republic,714140
1990,1990103,Turkey,1163686
1990,1990104,United Arab Emirates,1306574
1990,1990105,"Yemen, Rep.",118863
1990,1990108,Kazakhstan,3619200
1990,1990109,Kyrgyz Republic,623083
1990,1990110,Tajikistan,428900
1990,1990111,Turkmenistan,306500
1990,1990112,Uzbekistan,1653000
1990,1990114,Afghanistan,57686
1990,1990115,Bangladesh,881617
1990,1990116,Bhutan,23807
1990,1990117,India,7594801
1990,1990118,"Iran, Islamic Rep.",4291601
1990,1990119,Maldives,8689
1990,1990120,Nepal,429974
1990,1990121,Pakistan,6208204
1990,1990122,Sri Lanka,41561
1990,1990125,China,376361
1990,1990126,"China, Hong Kong SAR",2218473
1990,1990127,"China, Macao SAR",205047
1990,1990128,"Korea, Dem. Rep.",34103
1990,1990129,Japan,1075317
1990,1990130,Mongolia,6718
1990,1990131,"Korea, Rep.",43247
1990,1990133,Brunei Darussalam,73200
1990,1990134,Cambodia,38375
1990,1990135,Indonesia,465612
1990,1990136,Lao PDR,22866
1990,1990137,Malaysia,695920
1990,1990138,Myanmar,133545
1990,1990139,Philippines,154071
1990,1990140,Singapore,727262
1990,1990141,Thailand,528693
1990,1990142,Timor-Leste,8954
1990,1990143,Vietnam,28118
1990,1990146,Anguilla,2570
1990,1990147,Antigua and Barbuda,12029
1990,1990148,Aruba,14444
1990,1990149,Bahamas,26855
1990,1990150,Barbados,24024
1990,1990151,British Virgin Islands,8035
1990,1990152,"Bonaire, Sint Eustatius and Saba",38410
1990,1990153,Cayman Islands,9315
1990,1990154,Cuba,34555
1990,1990156,Dominica,2519
1990,1990157,Dominican Republic,291151
1990,1990158,Grenada,4263
1990,1990159,Guadeloupe,65944
1990,1990160,Haiti,19084
1990,1990161,Jamaica,20475
1990,1990162,Martinique,38705
1990,1990163,Montserrat,2013
1990,1990164,Puerto Rico,321909
1990,1990165,Saint Kitts and Nevis,3210
1990,1990166,Saint Lucia,5305
1990,1990167,Saint Vincent and the Grenadines,3970
1990,1990169,Trinidad and Tobago,50666
1990,1990170,Turks and Caicos Islands,5062
1990,1990171,United States Virgin Islands,51970
1990,1990173,Belize,30404
1990,1990174,Costa Rica,417628
1990,1990175,El Salvador,47360
1990,1990176,Guatemala,264257
1990,1990177,Honduras,270423
1990,1990178,Mexico,695674
1990,1990179,Nicaragua,41421
1990,1990180,Panama,62744
1990,1990182,Argentina,1649919
1990,1990183,Bolivia,73758
1990,1990184,Brazil,798517
1990,1990185,Chile,107501
1990,1990186,Colombia,104277
1990,1990187,Ecuador,78663
1990,1990188,Falkland Islands (Malvinas),855
1990,1990189,French Guiana,63612
1990,1990190,Guyana,4095
1990,1990191,Paraguay,195884
1990,1990192,Peru,56688
1990,1990193,Suriname,18083
1990,1990194,Uruguay,98116
1990,1990195,"Venezuela, RB",1025009
1990,1990198,Australia,3955213
1990,1990199,New Zealand,518047
1990,1990201,Fiji,13283
1990,1990202,New Caledonia,37673
1990,1990203,Papua New Guinea,33710
1990,1990204,Solomon Islands,4226
1990,1990205,Vanuatu,2308
1990,1990207,Guam,69755
1990,1990208,Kiribati,2162
1990,1990209,Marshall Islands,1158
1990,1990210,Micronesia (Fed. States of),3685
1990,1990211,Nauru,2815
1990,1990212,Northern Mariana Islands,26593
1990,1990213,Palau,2801
1990,1990215,American Samoa,21283
1990,1990216,Cook Islands,2587
1990,1990217,French Polynesia,25830
1990,1990218,Niue,461
1990,1990219,Samoa,3357
1990,1990220,Tokelau,270
1990,1990221,Tonga,2911
1990,1990222,Tuvalu,318
1990,1990223,Wallis and Futuna Islands,1402
1990,1990227,Belarus,1248977
1990,1990228,Bulgaria,21510
1990,1990229,Czechia,110394
1990,1990230,Hungary,347510
1990,1990231,Poland,1127771
1990,1990232,Moldova,544162
1990,1990233,Romania,135825
1990,1990234,Russian Federation,11524948
1990,1990235,Slovak Republic,41295
1990,1990236,Ukraine,6892920
1990,1990238,Channel Islands,61660
1990,1990239,Denmark,235189
1990,1990240,Estonia,381997
1990,1990241,Faroe Islands,4285
1990,1990242,Finland,63255
1990,1990243,Iceland,9584
1990,1990244,Ireland,227961
1990,1990245,Isle of Man,34769
1990,1990246,Latvia,646007
1990,1990247,Lithuania,349258
1990,1990248,Norway,192587
1990,1990249,Sweden,788767
1990,1990250,United Kingdom,3650286
1990,1990252,Albania,66013
1990,1990253,Andorra,38891
1990,1990254,Bosnia and Herzegovina,56000
1990,1990255,Croatia,475438
1990,1990256,Gibraltar,8709
1990,1990257,Greece,618139
1990,1990258,Holy See,768
1990,1990259,Italy,1428219
1990,1990260,Malta,15077
1990,1990262,North Macedonia,95142
1990,1990263,Portugal,435782
1990,1990264,San Marino,3310
1990,1990265,Serbia,99269
1990,1990266,Slovenia,178077
1990,1990267,Spain,821605
1990,1990269,Austria,793239
1990,1990270,Belgium,1280583
1990,1990271,France,5897267
1990,1990272,Germany,5936181
1990,1990273,Liechtenstein,10906
1990,1990274,Luxembourg,113795
1990,1990275,Monaco,20359
1990,1990276,Netherlands,1182263
1990,1990277,Switzerland,1392282
1990,1990279,Bermuda,15683
1990,1990280,Canada,4333318
1990,1990281,Greenland,9282
1990,1990282,Saint Pierre and Miquelon,1099
1990,1990283,United States of America,23251026
1995,1995024,Burundi,254853
1995,1995025,Comoros,13939
1995,1995026,Djibouti,99774
1995,1995027,Eritrea,12400
1995,1995028,Ethiopia,806904
1995,1995029,Kenya,618745
1995,1995030,Madagascar,21177
1995,1995031,Malawi,241624
1995,1995032,Mauritius,7493
1995,1995033,Mayotte,26316
1995,1995034,Mozambique,168256
1995,1995035,Réunion,77159
1995,1995036,Rwanda,215735
1995,1995037,Seychelles,5148
1995,1995038,Somalia,19527
1995,1995040,Uganda,606987
1995,1995041,Tanzania,1106043
1995,1995042,Zambia,244338
1995,1995043,Zimbabwe,431226
1995,1995045,Angola,39813
1995,1995046,Cameroon,244791
1995,1995047,Central African Republic,99712
1995,1995048,Chad,89584
1995,1995049,"Congo, Rep.",191635
1995,1995050,"Congo, Dem. Rep.",1816963
1995,1995051,Equatorial Guinea,3629
1995,1995052,Gabon,171427
1995,1995053,Sao Tome and Principe,4936
1995,1995055,Botswana,40168
1995,1995056,Eswatini,35157
1995,1995057,Lesotho,7204
1995,1995058,Namibia,115372
1995,1995059,South Africa,1003807
1995,1995061,Benin,105703
1995,1995062,Burkina Faso,464104
1995,1995063,Cabo Verde,9979
1995,1995064,Côte d'Ivoire,2076394
1995,1995065,Gambia,150890
1995,1995066,Ghana,252879
1995,1995067,Guinea,774505
1995,1995068,Guinea-Bissau,27961
1995,1995069,Liberia,208563
1995,1995070,Mali,176187
1995,1995071,Mauritania,89562
1995,1995072,Niger,145999
1995,1995073,Nigeria,462999
1995,1995074,Saint Helena,117
1995,1995075,Senegal,287654
1995,1995076,Sierra Leone,98516
1995,1995077,Togo,101583
1995,1995080,Algeria,262032
1995,1995081,"Egypt, Arab Rep.",166955
1995,1995082,Libya,508041
1995,1995083,Morocco,50360
1995,1995084,Sudan,1053396
1995,1995085,Tunisia,37867
1995,1995086,Western Sahara,2989
1995,1995088,Armenia,693999
1995,1995089,Azerbaijan,344070
1995,1995090,Bahrain,205979
1995,1995091,Cyprus,61941
1995,1995092,Georgia,152235
1995,1995093,Iraq,199460
1995,1995094,Israel,1792185
1995,1995095,Jordan,1537097
1995,1995096,Kuwait,921954
1995,1995097,Lebanon,608303
1995,1995098,Oman,539643
1995,1995099,Qatar,361673
1995,1995100,Saudi Arabia,5122702
1995,1995101,State of Palestine,281767
1995,1995102,Syrian Arab Republic,830610
1995,1995103,Turkey,1216173
1995,1995104,United Arab Emirates,1824118
1995,1995105,"Yemen, Rep.",136515
1995,1995108,Kazakhstan,3251968
1995,1995109,Kyrgyz Republic,518338
1995,1995110,Tajikistan,348347
1995,1995111,Turkmenistan,273565
1995,1995112,Uzbekistan,1512577
1995,1995114,Afghanistan,71522
1995,1995115,Bangladesh,934735
1995,1995116,Bhutan,27972
1995,1995117,India,6952238
1995,1995118,"Iran, Islamic Rep.",2937668
1995,1995119,Maldives,18510
1995,1995120,Nepal,690225
1995,1995121,Pakistan,3669308
1995,1995122,Sri Lanka,40841
1995,1995125,China,442198
1995,1995126,"China, Hong Kong SAR",2443798
1995,1995127,"China, Macao SAR",224929
1995,1995128,"Korea, Dem. Rep.",35143
1995,1995129,Japan,1362371
1995,1995130,Mongolia,7424
1995,1995131,"Korea, Rep.",123886
1995,1995133,Brunei Darussalam,84748
1995,1995134,Cambodia,92230
1995,1995135,Indonesia,378960
1995,1995136,Lao PDR,23526
1995,1995137,Malaysia,937368
1995,1995138,Myanmar,113663
1995,1995139,Philippines,207345
1995,1995140,Singapore,991492
1995,1995141,Thailand,809720
1995,1995142,Timor-Leste,9743
1995,1995143,Vietnam,51262
1995,1995146,Anguilla,3317
1995,1995147,Antigua and Barbuda,17550
1995,1995148,Aruba,22274
1995,1995149,Bahamas,31654
1995,1995150,Barbados,26224
1995,1995151,British Virgin Islands,10046
1995,1995152,"Bonaire, Sint Eustatius and Saba",42258
1995,1995153,Cayman Islands,12666
1995,1995154,Cuba,26187
1995,1995156,Dominica,3121
1995,1995157,Dominican Republic,323381
1995,1995158,Grenada,5544
1995,1995159,Guadeloupe,74566
1995,1995160,Haiti,18129
1995,1995161,Jamaica,22713
1995,1995162,Martinique,46599
1995,1995163,Montserrat,1612
1995,1995164,Puerto Rico,338067
1995,1995165,Saint Kitts and Nevis,4248
1995,1995166,Saint Lucia,7155
1995,1995167,Saint Vincent and the Grenadines,4135
1995,1995169,Trinidad and Tobago,45994
1995,1995170,Turks and Caicos Islands,7039
1995,1995171,United States Virgin Islands,54241
1995,1995173,Belize,33446
1995,1995174,Costa Rica,364287
1995,1995175,El Salvador,39537
1995,1995176,Guatemala,156188
1995,1995177,Honduras,149442
1995,1995178,Mexico,458549
1995,1995179,Nicaragua,26619
1995,1995180,Panama,70848
1995,1995182,Argentina,1595069
1995,1995183,Bolivia,83598
1995,1995184,Brazil,741557
1995,1995185,Chile,142417
1995,1995186,Colombia,106943
1995,1995187,Ecuador,115093
1995,1995188,Falkland Islands (Malvinas),868
1995,1995189,French Guiana,70131
1995,1995190,Guyana,6352
1995,1995191,Paraguay,186570
1995,1995192,Peru,56732
1995,1995193,Suriname,22320
1995,1995194,Uruguay,93428
1995,1995195,"Venezuela, RB",1019996
1995,1995198,Australia,4153330
1995,1995199,New Zealand,588617
1995,1995201,Fiji,13001
1995,1995202,New Caledonia,43662
1995,1995203,Papua New Guinea,33526
1995,1995204,Solomon Islands,4178
1995,1995205,Vanuatu,2461
1995,1995207,Guam,71912
1995,1995208,Kiribati,2223
1995,1995209,Marshall Islands,1480
1995,1995210,Micronesia (Fed. States of),3342
1995,1995211,Nauru,2605
1995,1995212,Northern Mariana Islands,32376
1995,1995213,Palau,4749
1995,1995215,American Samoa,23098
1995,1995216,Cook Islands,2686
1995,1995217,French Polynesia,28360
1995,1995218,Niue,480
1995,1995219,Samoa,4694
1995,1995220,Tokelau,266
1995,1995221,Tonga,3274
1995,1995222,Tuvalu,263
1995,1995223,Wallis and Futuna Islands,1704
1995,1995227,Belarus,1186282
1995,1995228,Bulgaria,32435
1995,1995229,Czechia,165592
1995,1995230,Hungary,322234
1995,1995231,Poland,964725
1995,1995232,Moldova,367231
1995,1995233,Romania,135037
1995,1995234,Russian Federation,11928927
1995,1995235,Slovak Republic,69323
1995,1995236,Ukraine,6172338
1995,1995238,Channel Islands,60519
1995,1995239,Denmark,303108
1995,1995240,Estonia,315755
1995,1995241,Faroe Islands,2900
1995,1995242,Finland,99729
1995,1995243,Iceland,12738
1995,1995244,Ireland,226892
1995,1995245,Isle of Man,36886
1995,1995246,Latvia,538093
1995,1995247,Lithuania,273587
1995,1995248,Norway,233302
1995,1995249,Sweden,936022
1995,1995250,United Kingdom,4155293
1995,1995252,Albania,71354
1995,1995253,Andorra,44206
1995,1995254,Bosnia and Herzegovina,69476
1995,1995255,Croatia,674085
1995,1995256,Gibraltar,8381
1995,1995257,Greece,857850
1995,1995258,Holy See,780
1995,1995259,Italy,1774954
1995,1995260,Malta,17740
1995,1995262,North Macedonia,109343
1995,1995263,Portugal,532822
1995,1995264,San Marino,3659
1995,1995265,Serbia,870980
1995,1995266,Slovenia,174419
1995,1995267,Spain,1020067
1995,1995269,Austria,894893
1995,1995270,Belgium,1288003
1995,1995271,France,6087993
1995,1995272,Germany,7464406
1995,1995273,Liechtenstein,13311
1995,1995274,Luxembourg,126106
1995,1995275,Monaco,21060
1995,1995276,Netherlands,1346164
1995,1995277,Switzerland,1478829
1995,1995279,Bermuda,16676
1995,1995280,Canada,4864778
1995,1995281,Greenland,7121
1995,1995282,Saint Pierre and Miquelon,1320
1995,1995283,United States of America,28451053
2000,2000024,Burundi,125628
2000,2000025,Comoros,13799
2000,2000026,Djibouti,100507
2000,2000027,Eritrea,12952
2000,2000028,Ethiopia,611384
2000,2000029,Kenya,707852
2000,2000030,Madagascar,23541
2000,2000031,Malawi,232620
2000,2000032,Mauritius,15543
2000,2000033,Mayotte,45474
2000,2000034,Mozambique,195702
2000,2000035,Réunion,100678
2000,2000036,Rwanda,347076
2000,2000037,Seychelles,6574
2000,2000038,Somalia,20097
2000,2000040,Uganda,584280
2000,2000041,Tanzania,949600
2000,2000042,Zambia,343703
2000,2000043,Zimbabwe,410109
2000,2000045,Angola,46108
2000,2000046,Cameroon,227242
2000,2000047,Central African Republic,123529
2000,2000048,Chad,104825
2000,2000049,"Congo, Rep.",305880
2000,2000050,"Congo, Dem. Rep.",744387
2000,2000051,Equatorial Guinea,4517
2000,2000052,Gabon,214431
2000,2000053,Sao Tome and Principe,4365
2000,2000055,Botswana,74934
2000,2000056,Eswatini,34084
2000,2000057,Lesotho,6167
2000,2000058,Namibia,135547
2000,2000059,South Africa,1016963
2000,2000061,Benin,134655
2000,2000062,Burkina Faso,520363
2000,2000063,Cabo Verde,11027
2000,2000064,Côte d'Ivoire,2163644
2000,2000065,Gambia,182514
2000,2000066,Ghana,191601
2000,2000067,Guinea,560075
2000,2000068,Guinea-Bissau,20450
2000,2000069,Liberia,151868
2000,2000070,Mali,189475
2000,2000071,Mauritania,57366
2000,2000072,Niger,122260
2000,2000073,Nigeria,487882
2000,2000074,Saint Helena,108
2000,2000075,Senegal,231901
2000,2000076,Sierra Leone,97974
2000,2000077,Togo,137968
2000,2000080,Algeria,250110
2000,2000081,"Egypt, Arab Rep.",184774
2000,2000082,Libya,567436
2000,2000083,Morocco,53034
2000,2000084,Sudan,805086
2000,2000085,Tunisia,36719
2000,2000086,Western Sahara,3289
2000,2000088,Armenia,657900
2000,2000089,Azerbaijan,327540
2000,2000090,Bahrain,239361
2000,2000091,Cyprus,80076
2000,2000092,Georgia,76117
2000,2000093,Iraq,210525
2000,2000094,Israel,1851309
2000,2000095,Jordan,1927845
2000,2000096,Kuwait,1127640
2000,2000097,Lebanon,692913
2000,2000098,Oman,623608
2000,2000099,Qatar,359697
2000,2000100,Saudi Arabia,5263387
2000,2000101,State of Palestine,275202
2000,2000102,Syrian Arab Republic,834916
2000,2000103,Turkey,1280963
2000,2000104,United Arab Emirates,2447010
2000,2000105,"Yemen, Rep.",144940
2000,2000108,Kazakhstan,2874194
2000,2000109,Kyrgyz Republic,389824
2000,2000110,Tajikistan,299499
2000,2000111,Turkmenistan,219067
2000,2000112,Uzbekistan,1406498
2000,2000114,Afghanistan,75917
2000,2000115,Bangladesh,987853
2000,2000116,Bhutan,32137
2000,2000117,India,6411331
2000,2000118,"Iran, Islamic Rep.",2803805
2000,2000119,Maldives,27092
2000,2000120,Nepal,717900
2000,2000121,Pakistan,4181912
2000,2000122,Sri Lanka,40132
2000,2000125,China,508034
2000,2000126,"China, Hong Kong SAR",2669122
2000,2000127,"China, Macao SAR",240791
2000,2000128,"Korea, Dem. Rep.",36183
2000,2000129,Japan,1686444
2000,2000130,Mongolia,8206
2000,2000131,"Korea, Rep.",244224
2000,2000133,Brunei Darussalam,96296
2000,2000134,Cambodia,146085
2000,2000135,Indonesia,292307
2000,2000136,Lao PDR,21948
2000,2000137,Malaysia,1463598
2000,2000138,Myanmar,98011
2000,2000139,Philippines,318095
2000,2000140,Singapore,1351691
2000,2000141,Thailand,1257821
2000,2000142,Timor-Leste,10602
2000,2000143,Vietnam,56754
2000,2000146,Anguilla,4063
2000,2000147,Antigua and Barbuda,23071
2000,2000148,Aruba,30104
2000,2000149,Bahamas,36454
2000,2000150,Barbados,28424
2000,2000151,British Virgin Islands,12958
2000,2000152,"Bonaire, Sint Eustatius and Saba",46105
2000,2000153,Cayman Islands,19176
2000,2000154,Cuba,17818
2000,2000156,Dominica,3723
2000,2000157,Dominican Republic,355611
2000,2000158,Grenada,6825
2000,2000159,Guadeloupe,83188
2000,2000160,Haiti,17222
2000,2000161,Jamaica,24952
2000,2000162,Martinique,54492
2000,2000163,Montserrat,1211
2000,2000164,Puerto Rico,355038
2000,2000165,Saint Kitts and Nevis,5871
2000,2000166,Saint Lucia,9871
2000,2000167,Saint Vincent and the Grenadines,4307
2000,2000169,Trinidad and Tobago,41753
2000,2000170,Turks and Caicos Islands,9015
2000,2000171,United States Virgin Islands,56611
2000,2000173,Belize,36488
2000,2000174,Costa Rica,310946
2000,2000175,El Salvador,31713
2000,2000176,Guatemala,48119
2000,2000177,Honduras,28461
2000,2000178,Mexico,538051
2000,2000179,Nicaragua,30389
2000,2000180,Panama,83410
2000,2000182,Argentina,1540219
2000,2000183,Bolivia,92658
2000,2000184,Brazil,684596
2000,2000185,Chile,177332
2000,2000186,Colombia,109609
2000,2000187,Ecuador,151523
2000,2000188,Falkland Islands (Malvinas),1067
2000,2000189,French Guiana,76649
2000,2000190,Guyana,8610
2000,2000191,Paraguay,176608
2000,2000192,Peru,66300
2000,2000193,Suriname,27506
2000,2000194,Uruguay,88874
2000,2000195,"Venezuela, RB",1013738
2000,2000198,Australia,4386250
2000,2000199,New Zealand,678813
2000,2000201,Fiji,12719
2000,2000202,New Caledonia,49651
2000,2000203,Papua New Guinea,26304
2000,2000204,Solomon Islands,3981
2000,2000205,Vanuatu,2626
2000,2000207,Guam,74070
2000,2000208,Kiribati,2283
2000,2000209,Marshall Islands,1891
2000,2000210,Micronesia (Fed. States of),3116
2000,2000211,Nauru,2394
2000,2000212,Northern Mariana Islands,40122
2000,2000213,Palau,6310
2000,2000215,American Samoa,24912
2000,2000216,Cook Islands,2785
2000,2000217,French Polynesia,30329
2000,2000218,Niue,498
2000,2000219,Samoa,5998
2000,2000220,Tokelau,262
2000,2000221,Tonga,3684
2000,2000222,Tuvalu,218
2000,2000223,Wallis and Futuna Islands,2015
2000,2000227,Belarus,1123586
2000,2000228,Bulgaria,43360
2000,2000229,Czechia,220789
2000,2000230,Hungary,296957
2000,2000231,Poland,825251
2000,2000232,Moldova,247828
2000,2000233,Romania,134254
2000,2000234,Russian Federation,11900297
2000,2000235,Slovak Republic,116376
2000,2000236,Ukraine,5527087
2000,2000238,Channel Islands,64301
2000,2000239,Denmark,371026
2000,2000240,Estonia,249512
2000,2000241,Faroe Islands,3593
2000,2000242,Finland,136203
2000,2000243,Iceland,15892
2000,2000244,Ireland,350552
2000,2000245,Isle of Man,39002
2000,2000246,Latvia,430178
2000,2000247,Lithuania,214311
2000,2000248,Norway,292440
2000,2000249,Sweden,1003798
2000,2000250,United Kingdom,4730165
2000,2000252,Albania,76695
2000,2000253,Andorra,42147
2000,2000254,Bosnia and Herzegovina,82952
2000,2000255,Croatia,585298
2000,2000256,Gibraltar,8054
2000,2000257,Greece,1111665
2000,2000258,Holy See,785
2000,2000259,Italy,2121688
2000,2000260,Malta,21521
2000,2000262,North Macedonia,125665
2000,2000263,Portugal,651472
2000,2000264,San Marino,4045
2000,2000265,Serbia,977873
2000,2000266,Slovenia,214508
2000,2000267,Spain,1657285
2000,2000269,Austria,996547
2000,2000270,Belgium,1268368
2000,2000271,France,6278718
2000,2000272,Germany,8992631
2000,2000273,Liechtenstein,15483
2000,2000274,Luxembourg,139750
2000,2000275,Monaco,21787
2000,2000276,Netherlands,1556337
2000,2000277,Switzerland,1570756
2000,2000279,Bermuda,17668
2000,2000280,Canada,5511914
2000,2000281,Greenland,6601
2000,2000282,Saint Pierre and Miquelon,1458
2000,2000283,United States of America,34814053
2005,2005024,Burundi,172874
2005,2005025,Comoros,13209
2005,2005026,Djibouti,92091
2005,2005027,Eritrea,14314
2005,2005028,Ethiopia,514242
2005,2005029,Kenya,773354
2005,2005030,Madagascar,26058
2005,2005031,Malawi,221661
2005,2005032,Mauritius,19647
2005,2005033,Mayotte,63176
2005,2005034,Mozambique,264679
2005,2005035,Réunion,115076
2005,2005036,Rwanda,423187
2005,2005037,Seychelles,8997
2005,2005038,Somalia,20670
2005,2005040,Uganda,593308
2005,2005041,Tanzania,771153
2005,2005042,Zambia,252895
2005,2005043,Zimbabwe,402226
2005,2005045,Angola,61329
2005,2005046,Cameroon,265503
2005,2005047,Central African Republic,94449
2005,2005048,Chad,352062
2005,2005049,"Congo, Rep.",318724
2005,2005050,"Congo, Dem. Rep.",622869
2005,2005051,Equatorial Guinea,6588
2005,2005052,Gabon,233824
2005,2005053,Sao Tome and Principe,3433
2005,2005055,Botswana,84614
2005,2005056,Eswatini,33392
2005,2005057,Lesotho,6290
2005,2005058,Namibia,107347
2005,2005059,South Africa,1351031
2005,2005061,Benin,221889
2005,2005062,Burkina Faso,597658
2005,2005063,Cabo Verde,12700
2005,2005064,Côte d'Ivoire,2265090
2005,2005065,Gambia,181905
2005,2005066,Ghana,304436
2005,2005067,Guinea,229611
2005,2005068,Guinea-Bissau,20736
2005,2005069,Liberia,87188
2005,2005070,Mali,256797
2005,2005071,Mauritania,58119
2005,2005072,Niger,124461
2005,2005073,Nigeria,969294
2005,2005074,Saint Helena,163
2005,2005075,Senegal,238298
2005,2005076,Sierra Leone,146050
2005,2005077,Togo,203799
2005,2005080,Algeria,197422
2005,2005081,"Egypt, Arab Rep.",285006
2005,2005082,Libya,625212
2005,2005083,Morocco,54379
2005,2005084,Sudan,546419
2005,2005085,Tunisia,35040
2005,2005086,Western Sahara,3891
2005,2005088,Armenia,469119
2005,2005089,Azerbaijan,302220
2005,2005090,Bahrain,404018
2005,2005091,Cyprus,117165
2005,2005092,Georgia,72311
2005,2005093,Iraq,132915
2005,2005094,Israel,1889503
2005,2005095,Jordan,2325414
2005,2005096,Kuwait,1333327
2005,2005097,Lebanon,756784
2005,2005098,Oman,666160
2005,2005099,Qatar,646026
2005,2005100,Saudi Arabia,6501819
2005,2005101,State of Palestine,266617
2005,2005102,Syrian Arab Republic,878308
2005,2005103,Turkey,1319236
2005,2005104,United Arab Emirates,3281115
2005,2005105,"Yemen, Rep.",171871
2005,2005108,Kazakhstan,3103027
2005,2005109,Kyrgyz Republic,309399
2005,2005110,Tajikistan,280466
2005,2005111,Turkmenistan,213053
2005,2005112,Uzbekistan,1329932
2005,2005114,Afghanistan,87300
2005,2005115,Bangladesh,1166700
2005,2005116,Bhutan,40279
2005,2005117,India,5923945
2005,2005118,"Iran, Islamic Rep.",2568930
2005,2005119,Maldives,45045
2005,2005120,Nepal,679457
2005,2005121,Pakistan,3171132
2005,2005122,Sri Lanka,39526
2005,2005125,China,678947
2005,2005126,"China, Hong Kong SAR",2721235
2005,2005127,"China, Macao SAR",279308
2005,2005128,"Korea, Dem. Rep.",40097
2005,2005129,Japan,2011555
2005,2005130,Mongolia,11477
2005,2005131,"Korea, Rep.",486065
2005,2005133,Brunei Darussalam,98441
2005,2005134,Cambodia,114031
2005,2005135,Indonesia,289568
2005,2005136,Lao PDR,20371
2005,2005137,Malaysia,1918504
2005,2005138,Myanmar,83025
2005,2005139,Philippines,257468
2005,2005140,Singapore,1710594
2005,2005141,Thailand,2163447
2005,2005142,Timor-Leste,11286
2005,2005143,Vietnam,51768
2005,2005146,Anguilla,4684
2005,2005147,Antigua and Barbuda,24741
2005,2005148,Aruba,32540
2005,2005149,Bahamas,45595
2005,2005150,Barbados,30624
2005,2005151,British Virgin Islands,15016
2005,2005152,"Bonaire, Sint Eustatius and Saba",49105
2005,2005153,Cayman Islands,20679
2005,2005154,Cuba,11935
2005,2005156,Dominica,4744
2005,2005157,Dominican Republic,376001
2005,2005158,Grenada,6902
2005,2005159,Guadeloupe,89065
2005,2005160,Haiti,16360
2005,2005161,Jamaica,24314
2005,2005162,Martinique,57034
2005,2005163,Montserrat,1244
2005,2005164,Puerto Rico,352144
2005,2005165,Saint Kitts and Nevis,6682
2005,2005166,Saint Lucia,9842
2005,2005167,Saint Vincent and the Grenadines,4436
2005,2005168,Sint Maarten (Dutch part),13100
2005,2005169,Trinidad and Tobago,44812
2005,2005170,Turks and Caicos Islands,13115
2005,2005171,United States Virgin Islands,56647
2005,2005173,Belize,41424
2005,2005174,Costa Rica,358175
2005,2005175,El Salvador,36019
2005,2005176,Guatemala,57252
2005,2005177,Honduras,27875
2005,2005178,Mexico,712487
2005,2005179,Nicaragua,34918
2005,2005180,Panama,117563
2005,2005182,Argentina,1673088
2005,2005183,Bolivia,107745
2005,2005184,Brazil,638582
2005,2005185,Chile,276360
2005,2005186,Colombia,107612
2005,2005187,Ecuador,187404
2005,2005188,Falkland Islands (Malvinas),1166
2005,2005189,French Guiana,86468
2005,2005190,Guyana,10868
2005,2005191,Paraguay,168243
2005,2005192,Peru,77877
2005,2005193,Suriname,33664
2005,2005194,Uruguay,82317
2005,2005195,"Venezuela, RB",1076474
2005,2005198,Australia,4878030
2005,2005199,New Zealand,839952
2005,2005201,Fiji,12435
2005,2005202,New Caledonia,55405
2005,2005203,Papua New Guinea,30106
2005,2005204,Solomon Islands,3271
2005,2005205,Vanuatu,2800
2005,2005207,Guam,74743
2005,2005208,Kiribati,2487
2005,2005209,Marshall Islands,2417
2005,2005210,Micronesia (Fed. States of),2905
2005,2005211,Nauru,2253
2005,2005212,Northern Mariana Islands,37542
2005,2005213,Palau,6043
2005,2005215,American Samoa,24233
2005,2005216,Cook Islands,3277
2005,2005217,French Polynesia,32286
2005,2005218,Niue,522
2005,2005219,Samoa,5746
2005,2005220,Tokelau,258
2005,2005221,Tonga,4301
2005,2005222,Tuvalu,209
2005,2005223,Wallis and Futuna Islands,2191
2005,2005227,Belarus,1106982
2005,2005228,Bulgaria,61074
2005,2005229,Czechia,322540
2005,2005230,Hungary,366787
2005,2005231,Poland,722509
2005,2005232,Moldova,171122
2005,2005233,Romania,145162
2005,2005234,Russian Federation,11667588
2005,2005235,Slovak Republic,130491
2005,2005236,Ukraine,5050302
2005,2005238,Channel Islands,70941
2005,2005239,Denmark,440383
2005,2005240,Estonia,233701
2005,2005241,Faroe Islands,4583
2005,2005242,Finland,192169
2005,2005243,Iceland,25492
2005,2005244,Ireland,589046
2005,2005245,Isle of Man,41475
2005,2005246,Latvia,376725
2005,2005247,Lithuania,201209
2005,2005248,Norway,361144
2005,2005249,Sweden,1125790
2005,2005250,United Kingdom,5926156
2005,2005252,Albania,64739
2005,2005253,Andorra,50298
2005,2005254,Bosnia and Herzegovina,47272
2005,2005255,Croatia,579273
2005,2005256,Gibraltar,9211
2005,2005257,Greece,1190707
2005,2005258,Holy See,798
2005,2005259,Italy,3954790
2005,2005260,Malta,24560
2005,2005262,North Macedonia,127667
2005,2005263,Portugal,771184
2005,2005264,San Marino,4218
2005,2005265,Serbia,854848
2005,2005266,Slovenia,217218
2005,2005267,Spain,4107226
2005,2005269,Austria,1136270
2005,2005270,Belgium,1248733
2005,2005271,France,6737600
2005,2005272,Germany,9402447
2005,2005273,Liechtenstein,18898
2005,2005274,Luxembourg,150618
2005,2005275,Monaco,21312
2005,2005276,Netherlands,1736127
2005,2005277,Switzerland,1805437
2005,2005279,Bermuda,18276
2005,2005280,Canada,6078985
2005,2005281,Greenland,6556
2005,2005282,Saint Pierre and Miquelon,1147
2005,2005283,United States of America,39258293
2010,2010024,Burundi,235259
2010,2010025,Comoros,12618
2010,2010026,Djibouti,101575
2010,2010027,Eritrea,15676
2010,2010028,Ethiopia,568748
2010,2010029,Kenya,954925
2010,2010030,Madagascar,28905
2010,2010031,Malawi,217722
2010,2010032,Mauritius,24836
2010,2010033,Mayotte,72757
2010,2010034,Mozambique,306471
2010,2010035,Réunion,123029
2010,2010036,Rwanda,426901
2010,2010037,Seychelles,11420
2010,2010038,Somalia,48106
2010,2010039,South Sudan,257905
2010,2010040,Uganda,492930
2010,2010041,Tanzania,309847
2010,2010042,Zambia,149962
2010,2010043,Zimbabwe,398307
2010,2010045,Angola,332126
2010,2010046,Cameroon,291474
2010,2010047,Central African Republic,93466
2010,2010048,Chad,416924
2010,2010049,"Congo, Rep.",425173
2010,2010050,"Congo, Dem. Rep.",588950
2010,2010051,Equatorial Guinea,8658
2010,2010052,Gabon,270829
2010,2010053,Sao Tome and Principe,2700
2010,2010055,Botswana,94614
2010,2010056,Eswatini,32637
2010,2010057,Lesotho,6414
2010,2010058,Namibia,103826
2010,2010059,South Africa,2114801
2010,2010061,Benin,309124
2010,2010062,Burkina Faso,674438
2010,2010063,Cabo Verde,14373
2010,2010064,Côte d'Ivoire,2366537
2010,2010065,Gambia,185763
2010,2010066,Ghana,337017
2010,2010067,Guinea,177998
2010,2010068,Guinea-Bissau,21061
2010,2010069,Liberia,99129
2010,2010070,Mali,339375
2010,2010071,Mauritania,84679
2010,2010072,Niger,126464
2010,2010073,Nigeria,988679
2010,2010074,Saint Helena,248
2010,2010075,Senegal,256092
2010,2010076,Sierra Leone,79055
2010,2010077,Togo,255413
2010,2010080,Algeria,216964
2010,2010081,"Egypt, Arab Rep.",310017
2010,2010082,Libya,683998
2010,2010083,Morocco,70909
2010,2010084,Sudan,618709
2010,2010085,Tunisia,43172
2010,2010086,Western Sahara,4493
2010,2010088,Armenia,211147
2010,2010089,Azerbaijan,276901
2010,2010090,Bahrain,657856
2010,2010091,Cyprus,191866
2010,2010092,Georgia,73034
2010,2010093,Iraq,117389
2010,2010094,Israel,1950615
2010,2010095,Jordan,2722983
2010,2010096,Kuwait,1871537
2010,2010097,Lebanon,820655
2010,2010098,Oman,816221
2010,2010099,Qatar,1456413
2010,2010100,Saudi Arabia,8429956
2010,2010101,State of Palestine,258032
2010,2010102,Syrian Arab Republic,1787561
2010,2010103,Turkey,1367034
2010,2010104,United Arab Emirates,7316697
2010,2010105,"Yemen, Rep.",288394
2010,2010108,Kazakhstan,3334937
2010,2010109,Kyrgyz Republic,232065
2010,2010110,Tajikistan,279808
2010,2010111,Turkmenistan,197979
2010,2010112,Uzbekistan,1220149
2010,2010114,Afghanistan,102246
2010,2010115,Bangladesh,1345546
2010,2010116,Bhutan,48420
2010,2010117,India,5439758
2010,2010118,"Iran, Islamic Rep.",2761561
2010,2010119,Maldives,54659
2010,2010120,Nepal,578657
2010,2010121,Pakistan,3941586
2010,2010122,Sri Lanka,38959
2010,2010125,China,849861
2010,2010126,"China, Hong Kong SAR",2779950
2010,2010127,"China, Macao SAR",318506
2010,2010128,"Korea, Dem. Rep.",44010
2010,2010129,Japan,2134151
2010,2010130,Mongolia,16062
2010,2010131,"Korea, Rep.",919987
2010,2010133,Brunei Darussalam,100587
2010,2010134,Cambodia,81977
2010,2010135,Indonesia,305416
2010,2010136,Lao PDR,32955
2010,2010137,Malaysia,2417395
2010,2010138,Myanmar,76414
2010,2010139,Philippines,208599
2010,2010140,Singapore,2164794
2010,2010141,Thailand,3224131
2010,2010142,Timor-Leste,11540
2010,2010143,Vietnam,61756
2010,2010146,Anguilla,5103
2010,2010147,Antigua and Barbuda,26412
2010,2010148,Aruba,34327
2010,2010149,Bahamas,54736
2010,2010150,Barbados,32825
2010,2010151,British Virgin Islands,17074
2010,2010152,"Bonaire, Sint Eustatius and Saba",11445
2010,2010153,Cayman Islands,24057
2010,2010154,Cuba,6640
2010,2010155,Curaçao,34627
2010,2010156,Dominica,8110
2010,2010157,Dominican Republic,393720
2010,2010158,Grenada,6980
2010,2010159,Guadeloupe,94942
2010,2010160,Haiti,17178
2010,2010161,Jamaica,23677
2010,2010162,Martinique,59575
2010,2010163,Montserrat,1291
2010,2010164,Puerto Rico,304969
2010,2010165,Saint Kitts and Nevis,7245
2010,2010166,Saint Lucia,9051
2010,2010167,Saint Vincent and the Grenadines,4569
2010,2010168,Sint Maarten (Dutch part),26200
2010,2010169,Trinidad and Tobago,48226
2010,2010170,Turks and Caicos Islands,17216
2010,2010171,United States Virgin Islands,56684
2010,2010173,Belize,46360
2010,2010174,Costa Rica,405404
2010,2010175,El Salvador,40324
2010,2010176,Guatemala,66384
2010,2010177,Honduras,27288
2010,2010178,Mexico,969538
2010,2010179,Nicaragua,37333
2010,2010180,Panama,157309
2010,2010182,Argentina,1805957
2010,2010183,Bolivia,122846
2010,2010184,Brazil,592568
2010,2010185,Chile,375388
2010,2010186,Colombia,124271
2010,2010187,Ecuador,325366
2010,2010188,Falkland Islands (Malvinas),1436
2010,2010189,French Guiana,96288
2010,2010190,Guyana,13126
2010,2010191,Paraguay,160299
2010,2010192,Peru,104706
2010,2010193,Suriname,39713
2010,2010194,Uruguay,76303
2010,2010195,"Venezuela, RB",1347347
2010,2010198,Australia,5882980
2010,2010199,New Zealand,947443
2010,2010201,Fiji,13351
2010,2010202,New Caledonia,61158
2010,2010203,Papua New Guinea,30425
2010,2010204,Solomon Islands,2760
2010,2010205,Vanuatu,2991
2010,2010207,Guam,75416
2010,2010208,Kiribati,2868
2010,2010209,Marshall Islands,3089
2010,2010210,Micronesia (Fed. States of),2806
2010,2010211,Nauru,1183
2010,2010212,Northern Mariana Islands,24168
2010,2010213,Palau,5490
2010,2010215,American Samoa,23555
2010,2010216,Cook Islands,3769
2010,2010217,French Polynesia,31640
2010,2010218,Niue,589
2010,2010219,Samoa,5122
2010,2010220,Tokelau,429
2010,2010221,Tonga,4604
2010,2010222,Tuvalu,220
2010,2010223,Wallis and Futuna Islands,1624
2010,2010227,Belarus,1090378
2010,2010228,Bulgaria,76287
2010,2010229,Czechia,398493
2010,2010230,Hungary,436616
2010,2010231,Poland,642417
2010,2010232,Moldova,129488
2010,2010233,Romania,177211
2010,2010234,Russian Federation,11194710
2010,2010235,Slovak Republic,146319
2010,2010236,Ukraine,4818767
2010,2010238,Channel Islands,77581
2010,2010239,Denmark,500772
2010,2010240,Estonia,217890
2010,2010241,Faroe Islands,5096
2010,2010242,Finland,228481
2010,2010243,Iceland,35091
2010,2010244,Ireland,730542
2010,2010245,Isle of Man,43447
2010,2010246,Latvia,313786
2010,2010247,Lithuania,160772
2010,2010248,Norway,526799
2010,2010249,Sweden,1384929
2010,2010250,United Kingdom,7119664
2010,2010252,Albania,52784
2010,2010253,Andorra,52053
2010,2010254,Bosnia and Herzegovina,38792
2010,2010255,Croatia,573248
2010,2010256,Gibraltar,10369
2010,2010257,Greece,1321149
2010,2010258,Holy See,794
2010,2010259,Italy,5787893
2010,2010260,Malta,33008
2010,2010261,Montenegro,78512
2010,2010262,North Macedonia,129701
2010,2010263,Portugal,762825
2010,2010264,San Marino,4880
2010,2010265,Serbia,826275
2010,2010266,Slovenia,253786
2010,2010267,Spain,6280065
2010,2010269,Austria,1275992
2010,2010270,Belgium,1503806
2010,2010271,France,7309986
2010,2010272,Germany,9812263
2010,2010273,Liechtenstein,22342
2010,2010274,Luxembourg,163142
2010,2010275,Monaco,21132
2010,2010276,Netherlands,1832510
2010,2010277,Switzerland,2075182
2010,2010279,Bermuda,18884
2010,2010280,Canada,6761226
2010,2010281,Greenland,6091
2010,2010282,Saint Pierre and Miquelon,1017
2010,2010283,United States of America,44183643
2015,2015024,Burundi,289810
2015,2015025,Comoros,12555
2015,2015026,Djibouti,112351
2015,2015027,Eritrea,15941
2015,2015028,Ethiopia,1161642
2015,2015029,Kenya,1126886
2015,2015030,Madagascar,32075
2015,2015031,Malawi,232803
2015,2015032,Mauritius,28585
2015,2015033,Mayotte,73992
2015,2015034,Mozambique,321794
2015,2015035,Réunion,127209
2015,2015036,Rwanda,514647
2015,2015037,Seychelles,12791
2015,2015038,Somalia,40990
2015,2015039,South Sudan,844122
2015,2015040,Uganda,851175
2015,2015041,Tanzania,384567
2015,2015042,Zambia,132107
2015,2015043,Zimbabwe,400482
2015,2015045,Angola,632178
2015,2015046,Cameroon,508346
2015,2015047,Central African Republic,81598
2015,2015048,Chad,466968
2015,2015049,"Congo, Rep.",390142
2015,2015050,"Congo, Dem. Rep.",824492
2015,2015051,Equatorial Guinea,209611
2015,2015052,Gabon,378686
2015,2015053,Sao Tome and Principe,2394
2015,2015055,Botswana,103268
2015,2015056,Eswatini,32352
2015,2015057,Lesotho,6572
2015,2015058,Namibia,101618
2015,2015059,South Africa,3816695
2015,2015061,Benin,366284
2015,2015062,Burkina Faso,704676
2015,2015063,Cabo Verde,14924
2015,2015064,Côte d'Ivoire,2467984
2015,2015065,Gambia,192540
2015,2015066,Ghana,414744
2015,2015067,Guinea,126386
2015,2015068,Guinea-Bissau,22333
2015,2015069,Liberia,113779
2015,2015070,Mali,420504
2015,2015071,Mauritania,166552
2015,2015072,Niger,252998
2015,2015073,Nigeria,1199115
2015,2015074,Saint Helena,377
2015,2015075,Senegal,266496
2015,2015076,Sierra Leone,58813
2015,2015077,Togo,277384
2015,2015080,Algeria,239473
2015,2015081,"Egypt, Arab Rep.",353641
2015,2015082,Libya,771146
2015,2015083,Morocco,92424
2015,2015084,Sudan,620523
2015,2015085,Tunisia,56532
2015,2015086,Western Sahara,5179
2015,2015088,Armenia,191199
2015,2015089,Azerbaijan,264241
2015,2015090,Bahrain,704137
2015,2015091,Cyprus,192020
2015,2015092,Georgia,76685
2015,2015093,Iraq,359381
2015,2015094,Israel,2011727
2015,2015095,Jordan,3112026
2015,2015096,Kuwait,2866136
2015,2015097,Lebanon,1973204
2015,2015098,Oman,1856226
2015,2015099,Qatar,1687640
2015,2015100,Saudi Arabia,10771366
2015,2015101,State of Palestine,255507
2015,2015102,Syrian Arab Republic,871174
2015,2015103,Turkey,4346197
2015,2015104,United Arab Emirates,7995126
2015,2015105,"Yemen, Rep.",379882
2015,2015108,Kazakhstan,3546060
2015,2015109,Kyrgyz Republic,204382
2015,2015110,Tajikistan,275101
2015,2015111,Turkmenistan,196376
2015,2015112,Uzbekistan,1170873
2015,2015114,Afghanistan,489749
2015,2015115,Bangladesh,1422805
2015,2015116,Bhutan,51106
2015,2015117,India,5240960
2015,2015118,"Iran, Islamic Rep.",2726420
2015,2015119,Maldives,64273
2015,2015120,Nepal,509471
2015,2015121,Pakistan,3506520
2015,2015122,Sri Lanka,39706
2015,2015125,China,978046
2015,2015126,"China, Hong Kong SAR",2838665
2015,2015127,"China, Macao SAR",376066
2015,2015128,"Korea, Dem. Rep.",48458
2015,2015129,Japan,2232189
2015,2015130,Mongolia,19886
2015,2015131,"Korea, Rep.",1143087
2015,2015133,Brunei Darussalam,102733
2015,2015134,Cambodia,73963
2015,2015135,Indonesia,338124
2015,2015136,Lao PDR,45538
2015,2015137,Malaysia,3280681
2015,2015138,Myanmar,73309
2015,2015139,Philippines,211862
2015,2015140,Singapore,2543638
2015,2015141,Thailand,3486526
2015,2015142,Timor-Leste,8520
2015,2015143,Vietnam,72793
2015,2015146,Anguilla,5470
2015,2015147,Antigua and Barbuda,28083
2015,2015148,Aruba,36114
2015,2015149,Bahamas,59306
2015,2015150,Barbados,34475
2015,2015151,British Virgin Islands,19132
2015,2015152,"Bonaire, Sint Eustatius and Saba",13002
2015,2015153,Cayman Islands,26177
2015,2015154,Cuba,5312
2015,2015155,Curaçao,37611
2015,2015156,Dominica,8093
2015,2015157,Dominican Republic,549289
2015,2015158,Grenada,7057
2015,2015159,Guadeloupe,98507
2015,2015160,Haiti,18036
2015,2015161,Jamaica,23167
2015,2015162,Martinique,61731
2015,2015163,Montserrat,1351
2015,2015164,Puerto Rico,280494
2015,2015165,Saint Kitts and Nevis,7443
2015,2015166,Saint Lucia,8673
2015,2015167,Saint Vincent and the Grenadines,4637
2015,2015168,Sint Maarten (Dutch part),27295
2015,2015169,Trinidad and Tobago,50021
2015,2015170,Turks and Caicos Islands,22719
2015,2015171,United States Virgin Islands,56721
2015,2015173,Belize,54674
2015,2015174,Costa Rica,411697
2015,2015175,El Salvador,42045
2015,2015176,Guatemala,78352
2015,2015177,Honduras,38317
2015,2015178,Mexico,1028803
2015,2015179,Nicaragua,40262
2015,2015180,Panama,184710
2015,2015182,Argentina,2086302
2015,2015183,Bolivia,142989
2015,2015184,Brazil,716568
2015,2015185,Chile,639724
2015,2015186,Colombia,139134
2015,2015187,Ecuador,387513
2015,2015188,Falkland Islands (Malvinas),1571
2015,2015189,French Guiana,106108
2015,2015190,Guyana,15384
2015,2015191,Paraguay,156462
2015,2015192,Peru,154774
2015,2015193,Suriname,43127
2015,2015194,Uruguay,78799
2015,2015195,"Venezuela, RB",1404448
2015,2015198,Australia,6729730
2015,2015199,New Zealand,1039736
2015,2015201,Fiji,13751
2015,2015202,New Caledonia,68881
2015,2015203,Papua New Guinea,30940
2015,2015204,Solomon Islands,2585
2015,2015205,Vanuatu,3187
2015,2015207,Guam,76089
2015,2015208,Kiribati,2919
2015,2015209,Marshall Islands,3284
2015,2015210,Micronesia (Fed. States of),2756
2015,2015211,Nauru,1890
2015,2015212,Northern Mariana Islands,21648
2015,2015213,Palau,4937
2015,2015215,American Samoa,23513
2015,2015216,Cook Islands,3477
2015,2015217,French Polynesia,30058
2015,2015218,Niue,588
2015,2015219,Samoa,4252
2015,2015220,Tokelau,487
2015,2015221,Tonga,3954
2015,2015222,Tuvalu,230
2015,2015223,Wallis and Futuna Islands,1052
2015,2015227,Belarus,1082905
2015,2015228,Bulgaria,123803
2015,2015229,Czechia,416454
2015,2015230,Hungary,475508
2015,2015231,Poland,619403
2015,2015232,Moldova,106374
2015,2015233,Romania,281048
2015,2015234,Russian Federation,11643276
2015,2015235,Slovak Republic,177624
2015,2015236,Ukraine,4915142
2015,2015238,Channel Islands,82307
2015,2015239,Denmark,595876
2015,2015240,Estonia,194664
2015,2015241,Faroe Islands,5485
2015,2015242,Finland,314856
2015,2015243,Iceland,39072
2015,2015244,Ireland,759256
2015,2015245,Isle of Man,42238
2015,2015246,Latvia,265418
2015,2015247,Lithuania,136021
2015,2015248,Norway,746375
2015,2015249,Sweden,1676264
2015,2015250,United Kingdom,8411569
2015,2015252,Albania,52031
2015,2015253,Andorra,42264
2015,2015254,Bosnia and Herzegovina,38574
2015,2015255,Croatia,561093
2015,2015256,Gibraltar,11065
2015,2015257,Greece,1242924
2015,2015258,Holy See,803
2015,2015259,Italy,5805328
2015,2015260,Malta,52642
2015,2015261,Montenegro,71719
2015,2015262,North Macedonia,130730
2015,2015263,Portugal,864814
2015,2015264,San Marino,5195
2015,2015265,Serbia,807441
2015,2015266,Slovenia,237616
2015,2015267,Spain,5891208
2015,2015269,Austria,1492374
2015,2015270,Belgium,1783488
2015,2015271,France,7874172
2015,2015272,Germany,10220418
2015,2015273,Liechtenstein,23799
2015,2015274,Luxembourg,248888
2015,2015275,Monaco,25983
2015,2015276,Netherlands,1996318
2015,2015277,Switzerland,2416394
2015,2015279,Bermuda,19126
2015,2015280,Canada,7428657
2015,2015281,Greenland,5797
2015,2015282,Saint Pierre and Miquelon,986
2015,2015283,United States of America,48178877
2019,2019024,Burundi,321018
2019,2019025,Comoros,12504
2019,2019026,Djibouti,115341
2019,2019027,Eritrea,16101
2019,2019028,Ethiopia,1253083
2019,2019029,Kenya,1044854
2019,2019030,Madagascar,34934
2019,2019031,Malawi,247652
2019,2019032,Mauritius,28849
2019,2019033,Mayotte,74643
2019,2019034,Mozambique,334665
2019,2019035,Réunion,129153
2019,2019036,Rwanda,539932
2019,2019037,Seychelles,12926
2019,2019038,Somalia,52131
2019,2019039,South Sudan,865552
2019,2019040,Uganda,1734166
2019,2019041,Tanzania,509166
2019,2019042,Zambia,170249
2019,2019043,Zimbabwe,411257
2019,2019045,Angola,669479
2019,2019046,Cameroon,505692
2019,2019047,Central African Republic,90649
2019,2019048,Chad,512230
2019,2019049,"Congo, Rep.",402142
2019,2019050,"Congo, Dem. Rep.",963833
2019,2019051,Equatorial Guinea,227617
2019,2019052,Gabon,411463
2019,2019053,Sao Tome and Principe,2174
2019,2019055,Botswana,110596
2019,2019056,Eswatini,32310
2019,2019057,Lesotho,6928
2019,2019058,Namibia,107561
2019,2019059,South Africa,4224256
2019,2019061,Benin,390112
2019,2019062,Burkina Faso,718338
2019,2019063,Cabo Verde,15664
2019,2019064,Côte d'Ivoire,2549141
2019,2019065,Gambia,215406
2019,2019066,Ghana,466780
2019,2019067,Guinea,120642
2019,2019068,Guinea-Bissau,26916
2019,2019069,Liberia,94448
2019,2019070,Mali,468230
2019,2019071,Mauritania,172987
2019,2019072,Niger,294161
2019,2019073,Nigeria,1256408
2019,2019074,Saint Helena,433
2019,2019075,Senegal,275239
2019,2019076,Sierra Leone,54332
2019,2019077,Togo,279142
2019,2019080,Algeria,249075
2019,2019081,"Egypt, Arab Rep.",504053
2019,2019082,Libya,818216
2019,2019083,Morocco,98574
2019,2019084,Sudan,1223092
2019,2019085,Tunisia,57455
2019,2019086,Western Sahara,5384
2019,2019088,Armenia,190159
2019,2019089,Azerbaijan,253887
2019,2019090,Bahrain,741161
2019,2019091,Cyprus,191922
2019,2019092,Georgia,79035
2019,2019093,Iraq,368062
2019,2019094,Israel,1956346
2019,2019095,Jordan,3346703
2019,2019096,Kuwait,3034845
2019,2019097,Lebanon,1863873
2019,2019098,Oman,2286226
2019,2019099,Qatar,2229688
2019,2019100,Saudi Arabia,13122338
2019,2019101,State of Palestine,253735
2019,2019102,Syrian Arab Republic,867848
2019,2019103,Turkey,5876829
2019,2019104,United Arab Emirates,8587256
2019,2019105,"Yemen, Rep.",385628
2019,2019108,Kazakhstan,3705556
2019,2019109,Kyrgyz Republic,200260
2019,2019110,Tajikistan,274071
2019,2019111,Turkmenistan,195127
2019,2019112,Uzbekistan,1168384
2019,2019114,Afghanistan,149762
2019,2019115,Bangladesh,2185613
2019,2019116,Bhutan,53254
2019,2019117,India,5154737
2019,2019118,"Iran, Islamic Rep.",2682214
2019,2019119,Maldives,69249
2019,2019120,Nepal,490802
2019,2019121,Pakistan,3257978
2019,2019122,Sri Lanka,40018
2019,2019125,China,1030871
2019,2019126,"China, Hong Kong SAR",2942254
2019,2019127,"China, Macao SAR",399572
2019,2019128,"Korea, Dem. Rep.",49393
2019,2019129,Japan,2498891
2019,2019130,Mongolia,21128
2019,2019131,"Korea, Rep.",1163655
2019,2019133,Brunei Darussalam,110641
2019,2019134,Cambodia,78649
2019,2019135,Indonesia,353135
2019,2019136,Lao PDR,48275
2019,2019137,Malaysia,3430380
2019,2019138,Myanmar,75998
2019,2019139,Philippines,218530
2019,2019140,Singapore,2155653
2019,2019141,Thailand,3635085
2019,2019142,Timor-Leste,8417
2019,2019143,Vietnam,76104
2019,2019146,Anguilla,5679
2019,2019147,Antigua and Barbuda,29207
2019,2019148,Aruba,36532
2019,2019149,Bahamas,62962
2019,2019150,Barbados,34807
2019,2019151,British Virgin Islands,20778
2019,2019152,"Bonaire, Sint Eustatius and Saba",15484
2019,2019153,Cayman Islands,28985
2019,2019154,Cuba,4886
2019,2019155,Curaçao,40883
2019,2019156,Dominica,8264
2019,2019157,Dominican Republic,567648
2019,2019158,Grenada,7124
2019,2019159,Guadeloupe,100030
2019,2019160,Haiti,18756
2019,2019161,Jamaica,23468
2019,2019162,Martinique,61647
2019,2019163,Montserrat,1375
2019,2019164,Puerto Rico,266828
2019,2019165,Saint Kitts and Nevis,7587
2019,2019166,Saint Lucia,8383
2019,2019167,Saint Vincent and the Grenadines,4692
2019,2019168,Sint Maarten (Dutch part),28260
2019,2019169,Trinidad and Tobago,59249
2019,2019170,Turks and Caicos Islands,24534
2019,2019171,United States Virgin Islands,56745
2019,2019173,Belize,59998
2019,2019174,Costa Rica,417768
2019,2019175,El Salvador,42617
2019,2019176,Guatemala,80421
2019,2019177,Honduras,38933
2019,2019178,Mexico,1060707
2019,2019179,Nicaragua,42172
2019,2019180,Panama,185072
2019,2019182,Argentina,2212879
2019,2019183,Bolivia,156114
2019,2019184,Brazil,807006
2019,2019185,Chile,939992
2019,2019186,Colombia,1142319
2019,2019187,Ecuador,381507
2019,2019188,Falkland Islands (Malvinas),1902
2019,2019189,French Guiana,117372
2019,2019190,Guyana,15699
2019,2019191,Paraguay,160519
2019,2019192,Peru,782169
2019,2019193,Suriname,46157
2019,2019194,Uruguay,81482
2019,2019195,"Venezuela, RB",1375690
2019,2019198,Australia,7549270
2019,2019199,New Zealand,1068739
2019,2019201,Fiji,14038
2019,2019202,New Caledonia,72537
2019,2019203,Papua New Guinea,31212
2019,2019204,Solomon Islands,2532
2019,2019205,Vanuatu,3245
2019,2019207,Guam,79846
2019,2019208,Kiribati,3022
2019,2019209,Marshall Islands,3296
2019,2019210,Micronesia (Fed. States of),2819
2019,2019211,Nauru,2114
2019,2019212,Northern Mariana Islands,21815
2019,2019213,Palau,5066
2019,2019215,American Samoa,23539
2019,2019216,Cook Islands,3491
2019,2019217,French Polynesia,31205
2019,2019218,Niue,588
2019,2019219,Samoa,4035
2019,2019220,Tokelau,504
2019,2019221,Tonga,3752
2019,2019222,Tuvalu,238
2019,2019223,Wallis and Futuna Islands,1022
2019,2019227,Belarus,1069395
2019,2019228,Bulgaria,168516
2019,2019229,Czechia,512705
2019,2019230,Hungary,512043
2019,2019231,Poland,655985
2019,2019232,Moldova,104713
2019,2019233,Romania,462552
2019,2019234,Russian Federation,11640559
2019,2019235,Slovak Republic,187984
2019,2019236,Ukraine,4964293
2019,2019238,Channel Islands,83833
2019,2019239,Denmark,722878
2019,2019240,Estonia,190242
2019,2019241,Faroe Islands,6454
2019,2019242,Finland,383116
2019,2019243,Iceland,52404
2019,2019244,Ireland,833564
2019,2019245,Isle of Man,42864
2019,2019246,Latvia,237266
2019,2019247,Lithuania,117218
2019,2019248,Norway,867765
2019,2019249,Sweden,2005210
2019,2019250,United Kingdom,9552110
2019,2019252,Albania,49160
2019,2019253,Andorra,45102
2019,2019254,Bosnia and Herzegovina,35735
2019,2019255,Croatia,518083
2019,2019256,Gibraltar,11172
2019,2019257,Greece,1211382
2019,2019258,Holy See,799
2019,2019259,Italy,6273722
2019,2019260,Malta,84949
2019,2019261,Montenegro,70967
2019,2019262,North Macedonia,131175
2019,2019263,Portugal,888162
2019,2019264,San Marino,5507
2019,2019265,Serbia,820312
2019,2019266,Slovenia,253122
2019,2019267,Spain,6104203
2019,2019269,Austria,1779857
2019,2019270,Belgium,1981919
2019,2019271,France,8334875
2019,2019272,Germany,13132146
2019,2019273,Liechtenstein,25467
2019,2019274,Luxembourg,291723
2019,2019275,Monaco,26511
2019,2019276,Netherlands,2282791
2019,2019277,Switzerland,2572029
2019,2019279,Bermuda,19336
2019,2019280,Canada,7960657
2019,2019281,Greenland,5690
2019,2019282,Saint Pierre and Miquelon,990
2019,2019283,United States of America,50661149
